id,link,upvotes,posting_datetime,title
1veo0jx,https://www.reddit.com/r/ProgressionFantasy/comments/1veo0jx/jett_fulgen_book_2_is_complete_series_is_at_350k/,7,2026-08-03T19:53:06+00:00,"Jett Fulgen Book 2 is complete, series is at 350k words in total. I celebrated by drawing my MC."
1vemo3g,https://www.reddit.com/r/ProgressionFantasy/comments/1vemo3g/the_ninth_oath/,1,2026-08-03T19:04:00+00:00,The Ninth Oath
1vehi9f,https://www.reddit.com/r/ProgressionFantasy/comments/1vehi9f/emperor_of_the_borderlands_book_6_is_out_today/,4,2026-08-03T15:59:26+00:00,Emperor of the Borderlands Book 6 is OUT TODAY
1vecpbu,https://www.reddit.com/r/ProgressionFantasy/comments/1vecpbu/my_2nd_novel_a_fantasy_about_a_mage_who_creates/,67,2026-08-03T12:57:55+00:00,"My 2nd novel, a fantasy about a mage who creates dragons, is live!"
1veb0e8,https://www.reddit.com/r/ProgressionFantasy/comments/1veb0e8/my_first_novel_god_of_velmoryn_book_1_is_now/,126,2026-08-03T11:40:50+00:00,"My first novel, God of Velmoryn book 1, is now available on Amazon and Audible!"
1ve5eqt,https://www.reddit.com/r/ProgressionFantasy/comments/1ve5eqt/towerbound_book_8_is_finally_out/,5,2026-08-03T06:26:26+00:00,Towerbound Book 8 is finally out!
1vdn9vp,https://www.reddit.com/r/ProgressionFantasy/comments/1vdn9vp/sailors_rise_twoworld_traders_a_businessbuilding/,16,2026-08-02T16:59:39+00:00,"Sailor's Rise (Two-World Traders), a business-building progression/flintlock fantasy, just moved to KU"
1vdcf52,https://www.reddit.com/r/ProgressionFantasy/comments/1vdcf52/duck_you_books_1_and_2_are_on_promo_for_a_week/,1,2026-08-02T08:20:05+00:00,Duck You! Books 1 and 2 are on promo for a week!
1vdbczl,https://www.reddit.com/r/ProgressionFantasy/comments/1vdbczl/too_stubborn_to_die_3_is_out_also_book_1_is_on/,53,2026-08-02T07:18:31+00:00,"Too Stubborn to Die 3 is out! Also, book 1 is on sale (in US & Canada) today only!!"
1vd1s4c,https://www.reddit.com/r/ProgressionFantasy/comments/1vd1s4c/a_healer_who_can_save_everyone_except_himself/,3,2026-08-01T23:15:42+00:00,"A healer who can save everyone except himself - System: God Mode, a team-based progression LitRPG, is live on Royal Road"
1vcykd8,https://www.reddit.com/r/ProgressionFantasy/comments/1vcykd8/new_release_the_warden_of_xuanxiao_a_special/,1,2026-08-01T20:58:05+00:00,[New Release] The Warden of Xuanxiao - A special forces soldier transmigrates into a cultivation world and fights a modern war
1vcrezf,https://www.reddit.com/r/ProgressionFantasy/comments/1vcrezf/the_journey_of_a_boy_reborn_a_thousand_years/,3,2026-08-01T16:12:43+00:00,The Journey of a boy reborn a thousand years after his death
1vcmtyt,https://www.reddit.com/r/ProgressionFantasy/comments/1vcmtyt/new_monthly_book_release_announcement_thread/,4,2026-08-01T13:01:13+00:00,New Monthly Book Release Announcement Thread
1vc32tm,https://www.reddit.com/r/ProgressionFantasy/comments/1vc32tm/almost_a_year_after_its_initial_conception_my/,75,2026-07-31T20:56:35+00:00,"Almost a year after its initial conception, my first progression fantasy book is real!"
1vc2d8s,https://www.reddit.com/r/ProgressionFantasy/comments/1vc2d8s/clerk_clark_and_the_superstore_of_doom_kindle/,5,2026-07-31T20:29:34+00:00,Clerk Clark and the Superstore of Doom (Kindle Unlimited!)
1vbd779,https://www.reddit.com/r/ProgressionFantasy/comments/1vbd779/it_took_8_months_but_i_finally_released_my/,21,2026-07-31T01:55:29+00:00,It took 8 months but I finally released my litrpg/progression fantasy book onto Amazon after a short stint on RR! A Game of Redemption: Level One is out now!
1vaywvp,https://www.reddit.com/r/ProgressionFantasy/comments/1vaywvp/serpents_coil_timeloop_litrpg_100k_words_1_book/,9,2026-07-30T16:42:18+00:00,Serpent's Coil [Timeloop LitRPG] (100k words / 1 book)
1vaxt33,https://www.reddit.com/r/ProgressionFantasy/comments/1vaxt33/ends_of_magic_ascendant_book_6_and_the_last_book/,116,2026-07-30T16:03:06+00:00,"Ends of Magic: Ascendant, Book 6 and the last book in my scientist isekai LitRPG story, is out!"
1vawu07,https://www.reddit.com/r/ProgressionFantasy/comments/1vawu07/fiends_for_hire_boon_is_out_on_kindle_unlimited/,54,2026-07-30T15:28:10+00:00,Fiends For Hire: Boon is out on Kindle Unlimited! [Series Complete!]
1vau0nv,https://www.reddit.com/r/ProgressionFantasy/comments/1vau0nv/accidental_healer_book_one_is_on_kindle_unlimited/,55,2026-07-30T13:42:14+00:00,Accidental Healer book one is on Kindle Unlimited and Audible!
1vad6qh,https://www.reddit.com/r/ProgressionFantasy/comments/1vad6qh/the_last_gardener_fantasy_adventure_action/,17,2026-07-29T23:48:32+00:00,The Last Gardener [Fantasy / Adventure / Action / Progression/ Comedy] (80k w)
1va90qb,https://www.reddit.com/r/ProgressionFantasy/comments/1va90qb/mercenary_reincarnated_as_a_chef_book_2/,5,2026-07-29T21:03:52+00:00,Mercenary Reincarnated as a Chef Book 2
1va37mp,https://www.reddit.com/r/ProgressionFantasy/comments/1va37mp/weak_kobolds_self_promotion/,2,2026-07-29T17:38:24+00:00,Weak Kobold's Self Promotion
1v9zvkh,https://www.reddit.com/r/ProgressionFantasy/comments/1v9zvkh/the_paths_of_akashic_book_6_bloodprice_is_now/,35,2026-07-29T15:43:23+00:00,The Paths of Akashic Book 6: Bloodprice is now available for preorder.
1v9x6sr,https://www.reddit.com/r/ProgressionFantasy/comments/1v9x6sr/going_into_my_second_series_glad_to_announce_that/,32,2026-07-29T14:05:17+00:00,"Going into my second series, glad to announce that Death To The Immortals Book 1 is out now!"
1v9r9vr,https://www.reddit.com/r/ProgressionFantasy/comments/1v9r9vr/the_road_to_mastery_webcomic_is_live/,18,2026-07-29T09:35:58+00:00,The Road to Mastery Webcomic Is Live!
1v9qhzr,https://www.reddit.com/r/ProgressionFantasy/comments/1v9qhzr/arcane_galaxy_swashbuckler_out_now/,20,2026-07-29T08:52:28+00:00,Arcane Galaxy: Swashbuckler out now!
1v95jji,https://www.reddit.com/r/ProgressionFantasy/comments/1v95jji/the_ether_atlas_litrpg_meets_da_vinci_code_just/,16,2026-07-28T17:42:27+00:00,The Ether Atlas - litRPG meets Da Vinci Code - just crossed 240K words.
1v88l0h,https://www.reddit.com/r/ProgressionFantasy/comments/1v88l0h/a_yuri_xianxia_progression_fantasy_with_lots_of/,0,2026-07-27T18:20:16+00:00,A Yuri Xianxia Progression Fantasy with lots of fantastic characters.
1v889p3,https://www.reddit.com/r/ProgressionFantasy/comments/1v889p3/what_kind_of_novel_are_you_reading_next/,1,2026-07-27T18:09:26+00:00,What kind of novel are you reading next?
1v83j3g,https://www.reddit.com/r/ProgressionFantasy/comments/1v83j3g/recaps_after_waiting_months_for_a_new_release/,0,2026-07-27T15:23:52+00:00,Recaps after waiting months for a new release
1v80kpy,https://www.reddit.com/r/ProgressionFantasy/comments/1v80kpy/anyone_else_think_theyd_be_awful_at_raising_an/,21,2026-07-27T13:34:00+00:00,Anyone else think they’d be awful at raising an overpowered child?
1v7z15h,https://www.reddit.com/r/ProgressionFantasy/comments/1v7z15h/hell_hound_evolution_vol_1_live_on_amazon/,57,2026-07-27T12:31:01+00:00,Hell Hound Evolution Vol. 1 - Live on Amazon
1v7p1pe,https://www.reddit.com/r/ProgressionFantasy/comments/1v7p1pe/new_series_gifted_first_steps/,122,2026-07-27T03:37:00+00:00,New series: Gifted - First Steps
1v6stso,https://www.reddit.com/r/ProgressionFantasy/comments/1v6stso/consul_for_the_archmage/,8,2026-07-26T03:52:25+00:00,Consul For The Archmage
1v5ikbt,https://www.reddit.com/r/ProgressionFantasy/comments/1v5ikbt/heroes_of_avangard_1_war_of_the_celestianites/,2,2026-07-24T17:48:23+00:00,Heroes of Avangard #1: War of the Celestianites - Just Click If You Want Fun
1v4xud5,https://www.reddit.com/r/ProgressionFantasy/comments/1v4xud5/void_sovereign/,48,2026-07-24T02:01:41+00:00,Void Sovereign
1v4r81e,https://www.reddit.com/r/ProgressionFantasy/comments/1v4r81e/just_in_time_for_the_world_cup_the_soccer_supremo/,51,2026-07-23T21:23:51+00:00,Just In Time for the World Cup: The Soccer Supremo Audiobook!
1v4i8nf,https://www.reddit.com/r/ProgressionFantasy/comments/1v4i8nf/shadowborn_exile_continues_book_two_out_in_all/,17,2026-07-23T16:06:16+00:00,Shadowborn Exile continues - Book Two out in all formats.
1v4h2dl,https://www.reddit.com/r/ProgressionFantasy/comments/1v4h2dl/book_3_battle_through_the_nine_realms_is_out/,58,2026-07-23T15:24:41+00:00,Book 3 - Battle Through the Nine Realms is out!
1v4dk4k,https://www.reddit.com/r/ProgressionFantasy/comments/1v4dk4k/book_3_in_my_litrpg_series_the_ethersmith_was/,90,2026-07-23T13:12:46+00:00,"Book 3 in my LitRPG series, The Ethersmith, was just released!"
1v4dghj,https://www.reddit.com/r/ProgressionFantasy/comments/1v4dghj/irwins_journey_the_cardsmith_book_5_just_released/,48,2026-07-23T13:08:42+00:00,Irwin's Journey - The Cardsmith book 5 just released!
1v4887y,https://www.reddit.com/r/ProgressionFantasy/comments/1v4887y/soul_harvest_books_13_are_live_the_first_trilogy/,16,2026-07-23T08:52:00+00:00,"Soul Harvest: Books 1-3 are LIVE! The first trilogy is complete—grab over 1,900 pages of Progression Fantasy for under $10 total (or read free on KU)!"
1v3i8zn,https://www.reddit.com/r/ProgressionFantasy/comments/1v3i8zn/good_art_really_makes_a_book_shine/,16,2026-07-22T14:46:19+00:00,Good art really makes a book shine 🙌
1v3gfqo,https://www.reddit.com/r/ProgressionFantasy/comments/1v3gfqo/nonplayer_character_a_litrpg_adventure_just/,29,2026-07-22T13:37:58+00:00,Non-Player Character: A LitRPG Adventure just released on KU and Audible!
1v2vjak,https://www.reddit.com/r/ProgressionFantasy/comments/1v2vjak/book_2_of_my_series_not_just_a_mage_lord_isekai/,63,2026-07-21T21:15:17+00:00,"Book 2 of my series, Not (Just) A Mage Lord Isekai is now available on Audible!"
1v2m4ga,https://www.reddit.com/r/ProgressionFantasy/comments/1v2m4ga/book_1_of_salt_fat_acid_magic_is_out_in_all/,68,2026-07-21T15:42:27+00:00,Book 1 of Salt Fat Acid Magic is out in all formats!
1v2kyor,https://www.reddit.com/r/ProgressionFantasy/comments/1v2kyor/requiem_for_a_fallen_world_is_now_serializing/,14,2026-07-21T15:01:33+00:00,Requiem For A Fallen World Is Now Serializing!
1v26fuu,https://www.reddit.com/r/ProgressionFantasy/comments/1v26fuu/class_archetypesrepost_cause_this_counts_as_self/,1,2026-07-21T03:08:00+00:00,Class Archetypes(repost cause this counts as self promotion?)
1v1q94x,https://www.reddit.com/r/ProgressionFantasy/comments/1v1q94x/the_last_rift_dragon_released_today_narrated_by/,49,2026-07-20T16:24:25+00:00,The Last Rift Dragon Released Today! [Narrated by Luke Daniels!]
1v1p3q1,https://www.reddit.com/r/ProgressionFantasy/comments/1v1p3q1/book_1_is_now_fully_out_manifold_of_aeons_time/,8,2026-07-20T15:41:51+00:00,Book 1 is Now Fully Out! - Manifold of Aeons [Time Loop]
1v1ln6p,https://www.reddit.com/r/ProgressionFantasy/comments/1v1ln6p/august_18_less_than_a_month_until_tor_books/,27,2026-07-20T13:30:58+00:00,August 18! Less than a month until Tor Books brings Apocalypse Parenting to physical bookstores!
1v1je1j,https://www.reddit.com/r/ProgressionFantasy/comments/1v1je1j/what_is_your_favourite_guilty_pleasure_trope_and/,21,2026-07-20T11:56:15+00:00,"What is your favourite guilty pleasure trope, and did I manage to cram it into my new novel?"
1v0vttp,https://www.reddit.com/r/ProgressionFantasy/comments/1v0vttp/what_if_you_could_learn_powers_in_your_dreams/,0,2026-07-19T16:59:51+00:00,What if you could learn powers in your dreams?
1v06iao,https://www.reddit.com/r/ProgressionFantasy/comments/1v06iao/the_wake_of_ages_2_is_out_for_kindle_unlimited/,27,2026-07-18T20:29:37+00:00,The Wake of Ages 2 is out for Kindle Unlimited
1uzkyv9,https://www.reddit.com/r/ProgressionFantasy/comments/1uzkyv9/new_cover/,4,2026-07-18T03:38:51+00:00,New cover!
1uy9x94,https://www.reddit.com/r/ProgressionFantasy/comments/1uy9x94/book_one_of_a_dragon_called_bob_is_now_available/,161,2026-07-16T17:46:19+00:00,Book one of A Dragon Called Bob is now available on Amazon and Audible!
1uy6zb1,https://www.reddit.com/r/ProgressionFantasy/comments/1uy6zb1/book_one_of_the_primal_soul_tamers_heart_trilogy/,24,2026-07-16T16:00:41+00:00,"Book One of the Primal Soul, Tamer's Heart trilogy is OUT NOW on Amazon! Don't like Amazon? You can also get it off of the Patreon Shop. An ecopunk monster tamer story. (ZERO AI USED)"
1uy45cc,https://www.reddit.com/r/ProgressionFantasy/comments/1uy45cc/vows_of_iron_book_1_out_now_on_ku/,60,2026-07-16T14:16:24+00:00,Vows of Iron Book 1 Out Now On KU
1uxgfyp,https://www.reddit.com/r/ProgressionFantasy/comments/1uxgfyp/chrysalis_book_9_antdustrial_revolution/,214,2026-07-15T19:50:43+00:00,Chrysalis Book 9: Antdustrial Revolution!
1uxczyk,https://www.reddit.com/r/ProgressionFantasy/comments/1uxczyk/my_pipesmoking_wizard_litrpg_just_went_live_on/,19,2026-07-15T17:42:27+00:00,My pipe-smoking wizard LitRPG just went live on Amazon and KU!
1ux9njv,https://www.reddit.com/r/ProgressionFantasy/comments/1ux9njv/labyrinth_of_the_mad_god_2_is_out_now/,24,2026-07-15T15:47:52+00:00,Labyrinth of the Mad God 2 is out now!
1ux7tkj,https://www.reddit.com/r/ProgressionFantasy/comments/1ux7tkj/rune_seeker_8_series_finale_comes_out_today_on/,63,2026-07-15T14:41:32+00:00,Rune Seeker 8 (Series Finale) comes out today on ebook!
1ux5rd0,https://www.reddit.com/r/ProgressionFantasy/comments/1ux5rd0/sacrifice_mage_3_the_final_book_of_my_cultist/,26,2026-07-15T13:23:36+00:00,"Sacrifice Mage 3, the Final Book of my Cultist Isekai, is out now! Book 1 and 2 on sale!"
1ux5qgi,https://www.reddit.com/r/ProgressionFantasy/comments/1ux5qgi/rebellion_of_the_dregs_discounted_to_099_today/,13,2026-07-15T13:22:34+00:00,Rebellion of the Dregs discounted to $0.99 today!
1ux5bcp,https://www.reddit.com/r/ProgressionFantasy/comments/1ux5bcp/emberstone_farm_3_a_cozy_fantasy_litrpg_is_now/,15,2026-07-15T13:05:18+00:00,"Emberstone Farm 3: A Cozy Fantasy LitRPG is now out on KU, Kindle, and Paperback!"
1uwzoy5,https://www.reddit.com/r/ProgressionFantasy/comments/1uwzoy5/path_of_the_deathless_book_3_deathless_manchild/,85,2026-07-15T08:19:27+00:00,Path of the Deathless Book 3: Deathless Manchild Recruits Orcs to Brutalize the Elderly and Calls it Justice
1uwox6w,https://www.reddit.com/r/ProgressionFantasy/comments/1uwox6w/too_stubborn_to_die_2_audio_is_out/,40,2026-07-14T23:25:59+00:00,Too Stubborn to Die 2 audio is out!!
1uwn5mm,https://www.reddit.com/r/ProgressionFantasy/comments/1uwn5mm/survivors_domain_is_out_now/,15,2026-07-14T22:15:51+00:00,Survivor's Domain is out now!
1uwcoy0,https://www.reddit.com/r/ProgressionFantasy/comments/1uwcoy0/built_different_2_cyborg_superhero_fantasy_out_on/,19,2026-07-14T15:56:10+00:00,Built Different 2 - Cyborg Superhero Fantasy out on Amazon!
1uwcb20,https://www.reddit.com/r/ProgressionFantasy/comments/1uwcb20/check_out_my_new_fic_hexforged_genes_apocalypse/,5,2026-07-14T15:42:15+00:00,"Check out my new fic: Hexforged [Genes, Apocalypse, and Akashic Records]"
1uwai5w,https://www.reddit.com/r/ProgressionFantasy/comments/1uwai5w/moon_cultivation/,7,2026-07-14T14:36:25+00:00,Moon Cultivation
1uw9q5z,https://www.reddit.com/r/ProgressionFantasy/comments/1uw9q5z/a_dragon_isekai_adventure_where_the_protagonists/,15,2026-07-14T14:07:18+00:00,"A Dragon Isekai Adventure where the protagonist's real cheat skill is linguistics: The Scaleforged Legacy. First book fully available for free, Second book releasing weekly on RoyalRoad!"
1uw98vh,https://www.reddit.com/r/ProgressionFantasy/comments/1uw98vh/penitent_is_out_on_ku_and_audible/,193,2026-07-14T13:49:13+00:00,PENITENT Is out on KU and Audible!
1uw7vqb,https://www.reddit.com/r/ProgressionFantasy/comments/1uw7vqb/book_1_audio_and_ebook_2_of_warforged_summoner/,46,2026-07-14T12:54:52+00:00,"Book 1 Audio and Ebook 2 of Warforged Summoner, live now on KU, Kindle, and Audible!"
1uw4kjd,https://www.reddit.com/r/ProgressionFantasy/comments/1uw4kjd/reborn_as_a_demon_hat_book_2_has_just_launched_on/,31,2026-07-14T10:15:29+00:00,Reborn as a Demon Hat Book 2 has just launched on Kindle/Audible
1uvos66,https://www.reddit.com/r/ProgressionFantasy/comments/1uvos66/dream_realms_online_the_first_spark_self_promo/,4,2026-07-13T21:25:18+00:00,"Dream Realms Online: The First Spark [Self Promo, LitRPG eBook]"
1uvjbd7,https://www.reddit.com/r/ProgressionFantasy/comments/1uvjbd7/ability_unlocked_invisible_hand_incapable_of_harm/,34,2026-07-13T18:09:52+00:00,"Ability unlocked: Invisible Hand incapable of harm, even indirectly (rules below). How are you surviving a brutal combat-filled world? (78+ chapters out!)"
1uvarxc,https://www.reddit.com/r/ProgressionFantasy/comments/1uvarxc/book_3_of_soul_blade_out_now_intergalactic/,17,2026-07-13T12:55:34+00:00,Book 3 of Soul Blade out now! Intergalactic enemies. Powerful Skills. And new Challanges.
1uurdhv,https://www.reddit.com/r/ProgressionFantasy/comments/1uurdhv/merchants_life_book_2_is_now_on_amazon_business/,11,2026-07-12T20:59:26+00:00,Merchant's Life Book #2 is now on Amazon (business management + fantasy creatures)
1uuikym,https://www.reddit.com/r/ProgressionFantasy/comments/1uuikym/that_unicorn_girl/,14,2026-07-12T15:30:11+00:00,That unicorn girl
1uuahhk,https://www.reddit.com/r/ProgressionFantasy/comments/1uuahhk/the_world_of_nameless_a_dark_progression_fantasy/,2,2026-07-12T09:15:22+00:00,"""The World of Nameless"" - A Dark Progression Fantasy serial about a fallen god reborn at an academy. (9 Chapters Out Now!)"
1uu82q6,https://www.reddit.com/r/ProgressionFantasy/comments/1uu82q6/for_writers_and_worldbuilders_a_wiki_template/,4,2026-07-12T06:56:30+00:00,"For Writers and Worldbuilders, a Wiki Template"
1uu6sve,https://www.reddit.com/r/ProgressionFantasy/comments/1uu6sve/do_you_want_a_fun_superhero_story_with_original/,7,2026-07-12T05:46:33+00:00,"Do you want a fun superhero story with original concepts inspired by many incredible series, then check out Star Island: a hero’s path chapters 129"
1uu0rpk,https://www.reddit.com/r/ProgressionFantasy/comments/1uu0rpk/whats_left_to_progress_if_the_mc_starts/,75,2026-07-12T00:46:31+00:00,What's left to progress if the MC starts overpowered?
1utzuzk,https://www.reddit.com/r/ProgressionFantasy/comments/1utzuzk/the_yielding_law/,24,2026-07-12T00:06:27+00:00,The Yielding Law
1utmweb,https://www.reddit.com/r/ProgressionFantasy/comments/1utmweb/book_1_audio_and_book_2_of_ceaseless_horizons_are/,128,2026-07-11T15:21:06+00:00,Book 1 Audio and Book 2 of Ceaseless Horizons are now live on Amazon
1uth6ql,https://www.reddit.com/r/ProgressionFantasy/comments/1uth6ql/a_noai_fiction_platform_for_readers_writers/,0,2026-07-11T11:08:02+00:00,"A no-ai fiction platform for readers, writers, artists and narrators"
1utfncg,https://www.reddit.com/r/ProgressionFantasy/comments/1utfncg/heavens_mandate_a_crime_thriller_xianxia/,11,2026-07-11T09:41:13+00:00,Heaven's Mandate: A Crime Thriller Xianxia Progression Fantasy.
1uss5yr,https://www.reddit.com/r/ProgressionFantasy/comments/1uss5yr/how_big_a_world_can_just_five_strokes_create/,0,2026-07-10T16:13:57+00:00,How big a world can just five strokes create?
1usp9cx,https://www.reddit.com/r/ProgressionFantasy/comments/1usp9cx/just_launched_the_second_book_of_my_series_hedge/,78,2026-07-10T14:27:31+00:00,"Just launched the second book of my series, Hedge Knight, and wanted to let you all know its on sale for $0.99 with the first book available for free!"
1uslwvj,https://www.reddit.com/r/ProgressionFantasy/comments/1uslwvj/first_time_self_pubbing/,55,2026-07-10T12:12:43+00:00,FIRST TIME SELF PUBBING!
1uskwmh,https://www.reddit.com/r/ProgressionFantasy/comments/1uskwmh/my_litrpg_progression_fantasy_is_nearing_the_end/,5,2026-07-10T11:26:22+00:00,My LitRPG Progression Fantasy is Nearing the End 👀
1us2qau,https://www.reddit.com/r/ProgressionFantasy/comments/1us2qau/what_do_you_think_is_more_interesting_to_read/,132,2026-07-09T20:53:45+00:00,What do you think is more interesting to read?
1us0fwk,https://www.reddit.com/r/ProgressionFantasy/comments/1us0fwk/need_a_new_series_or_two_to_binge_heres_9_books/,30,2026-07-09T19:29:36+00:00,Need a new series (or two) to binge? Here's 9 books on KU
1ursmph,https://www.reddit.com/r/ProgressionFantasy/comments/1ursmph/release_guild_mage_6_the_lady_of_winter/,84,2026-07-09T14:55:06+00:00,Release: Guild Mage 6: The Lady of Winter
1urrig6,https://www.reddit.com/r/ProgressionFantasy/comments/1urrig6/reborn_as_a_tamers_monster_paperback_and_ebook/,19,2026-07-09T14:14:15+00:00,"""Reborn as a Tamer's Monster"" - paperback and ebook are on amazon!"
1urb1la,https://www.reddit.com/r/ProgressionFantasy/comments/1urb1la/towerbound_book_5_is_now_out_on_audio/,3,2026-07-09T00:42:28+00:00,Towerbound Book 5 is now out on audio!
1ur23a3,https://www.reddit.com/r/ProgressionFantasy/comments/1ur23a3/the_latest_volume_of_my_noir_litrpg_isekai_is_out/,24,2026-07-08T18:58:53+00:00,"The latest volume of my Noir LitRPG Isekai is out now! Dark conspiracy, high-tech sorcery and truly occult magic meet a hardboiled killer of killers."
1ur12dt,https://www.reddit.com/r/ProgressionFantasy/comments/1ur12dt/characterfirst_superhero_progression_fantasy_with/,1,2026-07-08T18:23:23+00:00,Character-first superhero progression fantasy with 100+ chapters / 300k+ words; Book 2 climax now releasing
1uqqugi,https://www.reddit.com/r/ProgressionFantasy/comments/1uqqugi/andy_in_the_apocalypse_book_2_is_now_on_audible/,43,2026-07-08T12:10:43+00:00,"Andy in the Apocalypse, Book 2, is now on Audible and KU. In the mood to slay some vermin? Check it out!~"
1uqp8ts,https://www.reddit.com/r/ProgressionFantasy/comments/1uqp8ts/book_1_of_my_new_series_the_fractured_tower_just/,117,2026-07-08T10:54:51+00:00,"Book 1 of my new series, The Fractured Tower, just launched on Amazon and Audible today!"
1uqc9av,https://www.reddit.com/r/ProgressionFantasy/comments/1uqc9av/goblin_teeth_audio_physical_and_ku_preorder_now/,29,2026-07-07T23:49:23+00:00,"Goblin Teeth - Audio, Physical, and KU Pre-Order now available!"
1uqbu29,https://www.reddit.com/r/ProgressionFantasy/comments/1uqbu29/the_audiobook_for_portal_to_nova_roma_paris_book/,87,2026-07-07T23:32:07+00:00,The AUDIOBOOK for Portal to Nova Roma: Paris (Book 4) is now available - and 25 hours long!
1uq53q9,https://www.reddit.com/r/ProgressionFantasy/comments/1uq53q9/druid_with_a_cursed_sentient_sword/,0,2026-07-07T19:20:41+00:00,Druid with a cursed sentient sword
1uq2zqr,https://www.reddit.com/r/ProgressionFantasy/comments/1uq2zqr/cataclysm_rising_system_incursion_now_out_on/,108,2026-07-07T18:09:26+00:00,"Cataclysm Rising: System Incursion now out on Amazon, KU, and Audible!"
1uq2abd,https://www.reddit.com/r/ProgressionFantasy/comments/1uq2abd/hey_everyone_book_1_of_legend_of_ascension_is_on/,13,2026-07-07T17:43:57+00:00,Hey everyone! Book 1 of Legend of Ascension is on sale this week!
1upzh07,https://www.reddit.com/r/ProgressionFantasy/comments/1upzh07/birb_news_july_2026/,45,2026-07-07T16:04:20+00:00,Birb News! July 2026!
1upwag7,https://www.reddit.com/r/ProgressionFantasy/comments/1upwag7/queen_of_the_dead_soul_reaper_is_live_on_amazon/,10,2026-07-07T14:11:51+00:00,Queen of the Dead: Soul Reaper is live on Amazon
1upu7p8,https://www.reddit.com/r/ProgressionFantasy/comments/1upu7p8/3_announcements_lost_mask_is_live_elite_born/,19,2026-07-07T12:52:46+00:00,3 Announcements! Lost Mask is Live! Elite Born Audiobook is Live! Reborn Elite Preorder is Live! Available 08/11/26
1upr0aw,https://www.reddit.com/r/ProgressionFantasy/comments/1upr0aw/elderpyre_book_1_grab_a_copy_for_099/,6,2026-07-07T10:23:49+00:00,Elderpyre Book 1 - Grab a copy for $0.99
1uppvli,https://www.reddit.com/r/ProgressionFantasy/comments/1uppvli/new_book_new_handmade_cover_any_and_all_feedback/,63,2026-07-07T09:22:18+00:00,"New book, new handmade cover (any and all feedback is welcome)!"
1uozjwy,https://www.reddit.com/r/ProgressionFantasy/comments/1uozjwy/sanzensekai_the_ronins_exile/,4,2026-07-06T14:50:44+00:00,Sanzensekai: The Ronin's Exile
1uosok2,https://www.reddit.com/r/ProgressionFantasy/comments/1uosok2/applied_cultivation_book_1_survival_protocol_is/,98,2026-07-06T09:45:29+00:00,"Applied Cultivation Book 1: Survival Protocol is out on KU, Amazon, & Audible!"
1uoism8,https://www.reddit.com/r/ProgressionFantasy/comments/1uoism8/discussion_struggling_to_find_an_audience_for_my/,0,2026-07-06T00:52:43+00:00,[Discussion] Struggling to find an audience for my 'Traditional Culture + AI' concept. Any advice?
1uo2rzj,https://www.reddit.com/r/ProgressionFantasy/comments/1uo2rzj/the_best_2_star_review_i_could_have_received/,204,2026-07-05T13:53:10+00:00,The best 2 star review I could have received!
1uo0hsv,https://www.reddit.com/r/ProgressionFantasy/comments/1uo0hsv/it_took_3_years_to_get_a_physical_book_launch_and/,284,2026-07-05T12:04:11+00:00,It took 3 years to get a physical book launch and I'm offering rewards as thank you for supporting me with your pre-order. Help me impress my grandfather. The Wandering Inn Books 1-4 books are available now!
1unxp6e,https://www.reddit.com/r/ProgressionFantasy/comments/1unxp6e/ive_been_writing_a_progression_fantasyisekai/,0,2026-07-05T09:22:31+00:00,I've been writing a progression fantasy/isekai about a group of friends trapped in another dimension by a clueless primordial being. 12 chapters in and actively posting it on Wattpad and Royal Road
1unb62d,https://www.reddit.com/r/ProgressionFantasy/comments/1unb62d/censored_progression_art_of_metaworld_chronicles/,120,2026-07-04T14:57:37+00:00,[Censored] Progression art of Metaworld Chronicles! (Take 2)
1ummqvw,https://www.reddit.com/r/ProgressionFantasy/comments/1ummqvw/bar_fights_and_blood_rights_book_1_complete_on_rr/,26,2026-07-03T18:49:32+00:00,Bar Fights and Blood Rights Book 1 complete on RR
1umemj7,https://www.reddit.com/r/ProgressionFantasy/comments/1umemj7/too_stubborn_to_die_is_on_sale_all_july_grab_your/,50,2026-07-03T13:33:37+00:00,Too Stubborn to Die is on sale all July! Grab your copy today!
1ulocmn,https://www.reddit.com/r/ProgressionFantasy/comments/1ulocmn/a_level_9_wizard_who_cant_level_up_book_1_is_now/,13,2026-07-02T17:15:10+00:00,A level 9 wizard who can’t level up. Book 1 is now posting on Royal Road
1ulnmeg,https://www.reddit.com/r/ProgressionFantasy/comments/1ulnmeg/soul_of_the_warrior_scholar_warrior_is_up_on/,58,2026-07-02T16:49:08+00:00,Soul of the Warrior: Scholar Warrior is up on Kindle Unlimited today! Cover art by Ben Moran.
1ulm7l8,https://www.reddit.com/r/ProgressionFantasy/comments/1ulm7l8/the_tale_of_nishan_arc/,3,2026-07-02T15:58:05+00:00,The Tale of Nishan ARC
1ull2pw,https://www.reddit.com/r/ProgressionFantasy/comments/1ull2pw/funded_in_four_hours_special_edition_foil/,9,2026-07-02T15:15:41+00:00,"*Funded in Four Hours!* Special Edition Foil Hardcovers, Kickstarter for Guardian of Aster Fall, Books 3-4. We have so much amazing art for you!"
1ulh546,https://www.reddit.com/r/ProgressionFantasy/comments/1ulh546/stormblade_volume_three_is_out_on_kindle/,26,2026-07-02T12:39:47+00:00,Stormblade: Volume Three is out on Kindle!
1uld18u,https://www.reddit.com/r/ProgressionFantasy/comments/1uld18u/augmented_aspects_7_the_not_so_perfect_wedding/,43,2026-07-02T09:07:48+00:00,Augmented Aspects 7: The (Not So) Perfect Wedding Available on Ebook
1ukx3gf,https://www.reddit.com/r/ProgressionFantasy/comments/1ukx3gf/im_not_former_nfl_vikings_punter_chris_kluwe_and/,122,2026-07-01T20:29:03+00:00,"I’m NOT former NFL Vikings punter Chris Kluwe, and my first book, Steve the Last Pyromancer, is out NOW on RR - dark humor, isekai, earned progression, kingdom building, and epic battles."
1ukwy9v,https://www.reddit.com/r/ProgressionFantasy/comments/1ukwy9v/maze_book_1_on_amazon_books_24_already_on_rr/,26,2026-07-01T20:23:41+00:00,"MAZE - Book 1 on Amazon, Books 2-4 already on RR!"
1uknsiu,https://www.reddit.com/r/ProgressionFantasy/comments/1uknsiu/mage_unexpected_book_one_the_system_rolled_a_one/,58,2026-07-01T14:48:45+00:00,Mage Unexpected Book One: The System Rolled a One Launched Today!
1uknk5o,https://www.reddit.com/r/ProgressionFantasy/comments/1uknk5o/chasing_nightmares_a_psychological_litrpg_set_in/,4,2026-07-01T14:39:50+00:00,"Chasing Nightmares, a Psychological LITRPG set in a post-apocalyptic Earth. Knowing when to fight and when to run are critical to surviving in a world filled with monsters and Eldritch horrors"
1uklt6o,https://www.reddit.com/r/ProgressionFantasy/comments/1uklt6o/gods_of_the_eternal_tree_a_grimdark_progression/,3,2026-07-01T13:31:33+00:00,"""Gods of the Eternal Tree"" A Grimdark Progression Fantasy (Relaunch)"
1ukl1o1,https://www.reddit.com/r/ProgressionFantasy/comments/1ukl1o1/new_monthly_book_release_announcement_thread/,10,2026-07-01T13:00:41+00:00,New Monthly Book Release Announcement Thread
1ukjmfe,https://www.reddit.com/r/ProgressionFantasy/comments/1ukjmfe/the_third_book_of_my_progression_fantasy_series/,18,2026-07-01T11:59:25+00:00,"The Third Book of my Progression Fantasy Series, this time featuring a Magical Academy Setting, The Runemaster 3, is Now out on Amazon and Kindle Unlimited!"
1ukbw4l,https://www.reddit.com/r/ProgressionFantasy/comments/1ukbw4l/bear_strikes_again_book_one_of_the_villain_nobles/,26,2026-07-01T04:47:43+00:00,Bear strikes again: Book One of The Villain Noble's Guide - A Harem Isekai Adventure is now out on Amazon and KU!
1uk6oq7,https://www.reddit.com/r/ProgressionFantasy/comments/1uk6oq7/hunting_midnight_on_rr_how_progressiony_is_it/,5,2026-07-01T00:35:02+00:00,Hunting Midnight on RR — How progression-y is it? Let's argue! (no spoilers)
1uk6bk2,https://www.reddit.com/r/ProgressionFantasy/comments/1uk6bk2/i_just_released_book_2_of_my_dark_progression/,37,2026-07-01T00:18:07+00:00,I just released Book 2 of my Dark Progression Fantasy Adventure Symbiotic Ascension!
1uk0nh4,https://www.reddit.com/r/ProgressionFantasy/comments/1uk0nh4/new_cover_for_messiah_of_steel/,11,2026-06-30T20:29:45+00:00,New cover for Messiah of Steel !
1ujyya6,https://www.reddit.com/r/ProgressionFantasy/comments/1ujyya6/its_over/,1,2026-06-30T19:26:55+00:00,It's over!
1ujvxwt,https://www.reddit.com/r/ProgressionFantasy/comments/1ujvxwt/im_former_nfl_vikings_punter_chris_kluwe_and_my/,260,2026-06-30T17:38:38+00:00,"I'm former NFL Vikings punter Chris Kluwe, and my book, Shades of Forever, is out TODAY! If you like eldritch weirdness, comedy, and a loving satire of prog fantasy elements, this one's for you"
1ujudue,https://www.reddit.com/r/ProgressionFantasy/comments/1ujudue/royal_road_a_ravens_game_of_change_handmade_cover/,3,2026-06-30T16:42:03+00:00,"Royal Road: A Raven's Game of Change, Handmade Cover, Book Completed!"
1ujpoye,https://www.reddit.com/r/ProgressionFantasy/comments/1ujpoye/selfpromotion_what_if_the_strongest_weapon_in_a/,0,2026-06-30T13:45:36+00:00,"[Self-Promotion] What if the strongest weapon in a Cultivation world isn't a divine sword, but a forensic audit? Let me introduce my novel."
1ujmihg,https://www.reddit.com/r/ProgressionFantasy/comments/1ujmihg/a_dungeon_that_kills_now_available_on_amazon_ku/,34,2026-06-30T11:26:35+00:00,"A Dungeon That Kills, now available on Amazon KU!"
1ujh1u8,https://www.reddit.com/r/ProgressionFantasy/comments/1ujh1u8/kazuos_revenge_ln_cover_art/,3,2026-06-30T06:14:02+00:00,Kazuo's Revenge (LN cover art)
1uj9m9k,https://www.reddit.com/r/ProgressionFantasy/comments/1uj9m9k/title_introducing_slave_a_web_novel_premise_about/,0,2026-06-30T00:14:08+00:00,Title: Introducing Slave — A web novel premise about a fake god adjusting his smile on a cosmic throne while his real memories slowly dissolve.
1uiu3r6,https://www.reddit.com/r/ProgressionFantasy/comments/1uiu3r6/when_the_cute_godkiller_opens_a_tavern_is_now_out/,73,2026-06-29T14:29:53+00:00,"When The Cute Godkiller Opens A Tavern is now out on Amazon, KU, and Audible!"
1uh23ls,https://www.reddit.com/r/ProgressionFantasy/comments/1uh23ls/amazon_blocked_my_debut_a_year_ago_i_rebuilt_from/,90,2026-06-27T12:56:55+00:00,"Amazon blocked my debut a year ago. I rebuilt from scratch, and today my Epic Culinary Progression Fantasy finally releases on Amazon"
1uh18x8,https://www.reddit.com/r/ProgressionFantasy/comments/1uh18x8/on_rr_toadally_grim_tale_of_dons_death_a_2d6/,2,2026-06-27T12:15:26+00:00,On RR: Toadally Grim Tale of Don’s Death - A 2d6 Darkly Comic Soulswap Adventure
1ugrxlt,https://www.reddit.com/r/ProgressionFantasy/comments/1ugrxlt/maid_with_necromancy_now_with_enough_chapters_for/,14,2026-06-27T03:39:38+00:00,Maid with Necromancy - now with enough chapters for those who wait to binge. (250)
1ugqemi,https://www.reddit.com/r/ProgressionFantasy/comments/1ugqemi/my_dark_litrpg_series_apocalypse_reaver_has/,1,2026-06-27T02:24:42+00:00,⚠️My Dark LitRPG series Apocalypse Reaver has audiobooks!⚠️
1ugkbtz,https://www.reddit.com/r/ProgressionFantasy/comments/1ugkbtz/rr_launch_monstercooking_litrpg/,7,2026-06-26T21:56:19+00:00,RR launch - Monster-cooking LITRPG
1ugh15o,https://www.reddit.com/r/ProgressionFantasy/comments/1ugh15o/like_unique_abilities_with_strict_restrictions/,38,2026-06-26T19:49:29+00:00,"Like unique abilities with strict restrictions? (Slide 3) Or maybe you like bluffing, scheming, and improvisation? Then you might like Sleight of Hand!"
1ugfy5a,https://www.reddit.com/r/ProgressionFantasy/comments/1ugfy5a/reincarnated_as_a_horny_singlecelled_organism_a/,27,2026-06-26T19:08:15+00:00,Reincarnated As A Horny Single-Celled Organism: A Monster Evolution Progression Fantasy
1uge7rn,https://www.reddit.com/r/ProgressionFantasy/comments/1uge7rn/today_is_the_launch_of_nuclear_son_on_rr/,63,2026-06-26T18:03:17+00:00,Today is the Launch of Nuclear Son on RR!!!
1ug5eqy,https://www.reddit.com/r/ProgressionFantasy/comments/1ug5eqy/runemaker_ronan_is_out_on_royal_road/,4,2026-06-26T12:26:55+00:00,Runemaker Ronan is out on Royal Road!
1ug2xj2,https://www.reddit.com/r/ProgressionFantasy/comments/1ug2xj2/for_the_first_time_ever_a_litrpg_is_a_finalist_in/,10,2026-06-26T10:24:13+00:00,"For the first time ever, a litrpg is a finalist in Mark Lawrence's Fantasy Contest"
1ug2leb,https://www.reddit.com/r/ProgressionFantasy/comments/1ug2leb/punish_the_system_2_a_postapocalyptic_litrpg_live/,6,2026-06-26T10:06:19+00:00,Punish The System 2 - A PostApocalyptic LitRPG // LIVE NOW ON AUDIO/eBook!
1ug1kb4,https://www.reddit.com/r/ProgressionFantasy/comments/1ug1kb4/soul_harvest_books_1_2_are_live_book_3_drops_in_2/,12,2026-06-26T09:06:58+00:00,"Soul Harvest: Books 1 & 2 are LIVE, Book 3 drops in 2 days! A new trilogy and over 1900 pages for you to binge through this weekend!"
1ufwm7m,https://www.reddit.com/r/ProgressionFantasy/comments/1ufwm7m/rise_of_the_archmage_alister_book_one_out_now/,14,2026-06-26T04:31:59+00:00,Rise of the Archmage Alister: Book One Out Now!
1ufjy6t,https://www.reddit.com/r/ProgressionFantasy/comments/1ufjy6t/check_out_my_latest_book_slice_of_life_the_first/,3,2026-06-25T19:27:36+00:00,"Check out my latest book; Slice of Life - The First Slice:  A cozy, litRPG Isekai fantasy"
1ufj7fp,https://www.reddit.com/r/ProgressionFantasy/comments/1ufj7fp/tried_a_fake_ritual_to_impress_a_classmate_ended/,0,2026-06-25T19:00:22+00:00,Tried a fake ritual to impress a classmate. Ended up fighting cultivators with a talking fox.
1ufarci,https://www.reddit.com/r/ProgressionFantasy/comments/1ufarci/the_runic_artist_hue_of_the_heart_launch_day/,56,2026-06-25T13:55:54+00:00,The Runic Artist - Hue of the Heart launch day!
1uf7azw,https://www.reddit.com/r/ProgressionFantasy/comments/1uf7azw/story_structure_writing_progression_fantasy_part/,50,2026-06-25T11:25:50+00:00,Story Structure: Writing Progression Fantasy Part 05
1uf74qs,https://www.reddit.com/r/ProgressionFantasy/comments/1uf74qs/just_started_posting_book_2_of_my_cozy_litrpg_on/,17,2026-06-25T11:16:47+00:00,Just started posting Book 2 of my cozy litRPG on RR!
1uen24v,https://www.reddit.com/r/ProgressionFantasy/comments/1uen24v/myanimelist_for_progression_fantasy_books_progfans/,7,2026-06-24T19:18:08+00:00,MyAnimeList for Progression Fantasy books - ProgFans
1uehnio,https://www.reddit.com/r/ProgressionFantasy/comments/1uehnio/book_12_the_final_book_in_the_unbound_saga_ruin/,203,2026-06-24T16:03:06+00:00,Book 12 - The Final Book In The Unbound Saga - RUIN IS OUT NOW!
1uefi4s,https://www.reddit.com/r/ProgressionFantasy/comments/1uefi4s/the_elder_lands_ii_audiobook_is_out_kingdom/,9,2026-06-24T14:44:20+00:00,The Elder Lands II Audiobook is out! [Kingdom Building Story]
1uecwf0,https://www.reddit.com/r/ProgressionFantasy/comments/1uecwf0/gladesbale_grove_book_2_is_out_cozy_litrpg/,2,2026-06-24T13:02:13+00:00,Gladesbale Grove Book 2 is out! Cozy litrpg goodness.
1ue8uke,https://www.reddit.com/r/ProgressionFantasy/comments/1ue8uke/realms_beneath_the_eternal_light_saga/,3,2026-06-24T09:38:09+00:00,Realms Beneath the Eternal Light Saga
1ue2b0d,https://www.reddit.com/r/ProgressionFantasy/comments/1ue2b0d/cloud_of_smoke_a_system_progression_fantasy/,26,2026-06-24T03:29:54+00:00,Cloud of Smoke: A System Progression Fantasy | Anti-Magic Smoke and a Character-Driven Story
1udpx6n,https://www.reddit.com/r/ProgressionFantasy/comments/1udpx6n/smokin_herbs_in_a_hiphop_cultivation_fam_get_that/,0,2026-06-23T18:51:27+00:00,"Smokin' Herbs in a Hip-Hop Cultivation, fam. Get that Qi. Volume 2 of Vulture Heroes: Celibate Courtesan is out now!"
1udm1s6,https://www.reddit.com/r/ProgressionFantasy/comments/1udm1s6/a_quota_of_blood_book_1_of_blood_mage_series_out/,6,2026-06-23T16:31:14+00:00,A Quota of Blood (Book 1 of Blood Mage Series) out on Royal Road
1udkjjw,https://www.reddit.com/r/ProgressionFantasy/comments/1udkjjw/an_mc_who_can_transfer_injuries/,1,2026-06-23T15:36:49+00:00,An MC Who Can Transfer Injuries!?
1udjisx,https://www.reddit.com/r/ProgressionFantasy/comments/1udjisx/are_you_looking_for_a_mature_slowburn_novel/,11,2026-06-23T14:59:36+00:00,"Are you looking for a mature, slow-burn novel focusing on crafting and economics with a bit of deadly combat mixed in? Please try my book! 100k available on Royal Road"
1udi5dx,https://www.reddit.com/r/ProgressionFantasy/comments/1udi5dx/isekaid_legion_for_glory_amazon_launch/,99,2026-06-23T14:07:21+00:00,Isekai'd Legion: For Glory Amazon Launch
1ud2563,https://www.reddit.com/r/ProgressionFantasy/comments/1ud2563/an_amnesiac_girl_made_of_water_wakes_up_in_a/,0,2026-06-23T00:34:52+00:00,An amnesiac girl made of water wakes up in a submerged Marseille.
1ucm8kb,https://www.reddit.com/r/ProgressionFantasy/comments/1ucm8kb/book_2_of_my_series_not_just_a_mage_lord_isekai/,45,2026-06-22T14:33:21+00:00,"Book 2 of my series, Not (Just) A Mage Lord Isekai, is now available on Amazon."
1uck56t,https://www.reddit.com/r/ProgressionFantasy/comments/1uck56t/ascendancya_litrpg_progression_fantasy_available/,50,2026-06-22T13:09:11+00:00,Ascendancy[A LITRPG Progression Fantasy] Available on KU (Audible soon)
1ucjlns,https://www.reddit.com/r/ProgressionFantasy/comments/1ucjlns/for_fans_of_cyberpunk_shadowrun_and_dark_magical/,68,2026-06-22T12:45:46+00:00,"For fans of Cyberpunk, Shadowrun and dark magical girl stories - Magical Girl Ghostslayer out now on Amazon!"
1ucd7bw,https://www.reddit.com/r/ProgressionFantasy/comments/1ucd7bw/grimdark_dwarves_crafting_epic_weapons_runeforger/,10,2026-06-22T06:49:47+00:00,Grimdark Dwarves Crafting Epic Weapons: Runeforger Book 2 is out now
1uca0b4,https://www.reddit.com/r/ProgressionFantasy/comments/1uca0b4/marked_by_the_black_sun_soulslike_progression/,29,2026-06-22T03:52:36+00:00,Marked by the Black Sun (Souls-like progression)
1ubrs3m,https://www.reddit.com/r/ProgressionFantasy/comments/1ubrs3m/subterranean_citadel_crossroads_of_fate_book_2_an/,10,2026-06-21T14:41:49+00:00,"Subterranean Citadel (Crossroads of Fate, Book 2) - An Isekai LitRPG Adventure is now Live!"
1ubkadf,https://www.reddit.com/r/ProgressionFantasy/comments/1ubkadf/the_necromancer_healer/,59,2026-06-21T08:03:59+00:00,The Necromancer Healer
1ubh0jo,https://www.reddit.com/r/ProgressionFantasy/comments/1ubh0jo/new_cover_art/,51,2026-06-21T04:53:00+00:00,New Cover Art!!
1ub1wev,https://www.reddit.com/r/ProgressionFantasy/comments/1ub1wev/kindle_unlimited_new_release_revenge_of_the/,19,2026-06-20T17:11:58+00:00,Kindle Unlimited New Release! Revenge of the Deathless. The Series begins today!
1ub1rdx,https://www.reddit.com/r/ProgressionFantasy/comments/1ub1rdx/found_a_few_more_free_audiobook_codes/,7,2026-06-20T17:06:00+00:00,Found a Few More Free Audiobook Codes!
1uatlwf,https://www.reddit.com/r/ProgressionFantasy/comments/1uatlwf/hi/,2,2026-06-20T10:52:26+00:00,Hi
1u9npvw,https://www.reddit.com/r/ProgressionFantasy/comments/1u9npvw/new_book_launch_i_made_a_railgun_with_lightning/,1,2026-06-19T00:53:38+00:00,New Book Launch: I Made A Railgun with Lightning Magic
1u9fgrp,https://www.reddit.com/r/ProgressionFantasy/comments/1u9fgrp/to_celebrate_the_release_of_my_newest_books_im/,73,2026-06-18T19:12:37+00:00,"To celebrate the release of my newest books, I'm making all of my work free for today only. I'm Sarah Lin, author of various series including The Weirkey Chronicles and Throne of Time... AMA!"
1u95sex,https://www.reddit.com/r/ProgressionFantasy/comments/1u95sex/metaworld_chronicles_volume_15_and_other_things/,79,2026-06-18T13:07:28+00:00,Metaworld Chronicles Volume 15 (and other things!)
1u8kyd9,https://www.reddit.com/r/ProgressionFantasy/comments/1u8kyd9/the_breaking_of_annwn_audio_release_and_a_giveaway/,1,2026-06-17T20:02:25+00:00,The Breaking of Annwn Audio Release and a Giveaway!
1u8cktb,https://www.reddit.com/r/ProgressionFantasy/comments/1u8cktb/runeblade_i_the_great_depths_out_now_on_ku_amazon/,161,2026-06-17T14:59:42+00:00,"Runeblade I: The Great Depths, out now on KU, Amazon, and Audible!"
1u8ay8g,https://www.reddit.com/r/ProgressionFantasy/comments/1u8ay8g/return_of_the_runebound_professor_book_9_is_out/,67,2026-06-17T13:57:37+00:00,Return of the Runebound Professor Book 9 is out on the zon!
1u8as5r,https://www.reddit.com/r/ProgressionFantasy/comments/1u8as5r/physical_magic_is_a_semifinalist_in_this_years/,5,2026-06-17T13:51:21+00:00,Physical Magic is a semi-finalist in this year's SPFBO 11!
1u81jax,https://www.reddit.com/r/ProgressionFantasy/comments/1u81jax/zombie_evolution_op_villain_mc_system_invasion/,1,2026-06-17T05:43:37+00:00,"Zombie Evolution (OP Villain MC, system invasion apocalypse LITRPG) Is here!"
1u7v9x4,https://www.reddit.com/r/ProgressionFantasy/comments/1u7v9x4/i_draw_original_art_for_most_chapters_of_my_mecha/,154,2026-06-17T00:36:36+00:00,I draw original art for most chapters of my mecha progression novel
1u7t1le,https://www.reddit.com/r/ProgressionFantasy/comments/1u7t1le/just_published_the_second_installment_of_my/,31,2026-06-16T22:59:53+00:00,Just Published the Second Installment of my Dungeon Core Series!
1u7mjud,https://www.reddit.com/r/ProgressionFantasy/comments/1u7mjud/hi_i_had_caffeine_and_published_three_books_this/,14,2026-06-16T18:53:43+00:00,"Hi, I had caffeine and published three books this month!"
1u7dq8h,https://www.reddit.com/r/ProgressionFantasy/comments/1u7dq8h/the_years_of_apocalypse_book_1_is_now_out_on/,317,2026-06-16T13:34:59+00:00,The Years of Apocalypse - Book 1 is now out on Kindle and Audible!
1u797xi,https://www.reddit.com/r/ProgressionFantasy/comments/1u797xi/taste_of_magic_archmages_shadow_out_on_amazon_and/,73,2026-06-16T10:02:03+00:00,Taste of Magic: Archmage's Shadow out on Amazon and Audible!
1u6h7vy,https://www.reddit.com/r/ProgressionFantasy/comments/1u6h7vy/rebellion_of_the_dregs_launches_on_amazon_in/,32,2026-06-15T13:51:06+00:00,Rebellion of the Dregs launches on Amazon in Kindle Unlimited today!
1u620zu,https://www.reddit.com/r/ProgressionFantasy/comments/1u620zu/in_the_apocalypse_except_the_elite_were_told_5/,22,2026-06-15T00:57:59+00:00,"In the apocalypse, except the elite were told 5 years in advance. The First and Last Emperor"
1u5ycam,https://www.reddit.com/r/ProgressionFantasy/comments/1u5ycam/excited_to_share_some_great_news_for_grand_magus/,7,2026-06-14T22:11:10+00:00,"Excited to share some great news for Grand Magus, Wooden Sword!"
1u5kris,https://www.reddit.com/r/ProgressionFantasy/comments/1u5kris/feat_unlocked_become_a_published_author_ascent_of/,74,2026-06-14T13:09:29+00:00,"Feat Unlocked [Become a Published Author!], Ascent of the Helldiver out on Kindle and Audible!"
1u5jn11,https://www.reddit.com/r/ProgressionFantasy/comments/1u5jn11/my_regression_and_mystery_book_saving_the_lich/,36,2026-06-14T12:16:43+00:00,"My Regression and Mystery book, Saving The Lich Queen, is out on Amazon!"
1u5ievx,https://www.reddit.com/r/ProgressionFantasy/comments/1u5ievx/something_a_little_different_military_epic/,23,2026-06-14T11:14:11+00:00,Something a little different: Military Epic Progression Fantasy
1u518s5,https://www.reddit.com/r/ProgressionFantasy/comments/1u518s5/dual_wielding_book_1_ash_ember_now_available_on/,115,2026-06-13T20:26:58+00:00,"Dual Wielding Book 1: Ash & Ember, Now Available on Amazon/Kindle Unlimited!"
1u4ewab,https://www.reddit.com/r/ProgressionFantasy/comments/1u4ewab/breakwater_a_city_builder_progression_novel/,0,2026-06-13T02:30:07+00:00,Breakwater (A City Builder Progression Novel)
1u42ggt,https://www.reddit.com/r/ProgressionFantasy/comments/1u42ggt/definitely_not_evil_plans_now_available_on_ku/,34,2026-06-12T17:49:45+00:00,Definitely Not Evil Plans now available on KU
1u40we5,https://www.reddit.com/r/ProgressionFantasy/comments/1u40we5/kindly_check_out_the_squire/,13,2026-06-12T16:53:34+00:00,Kindly check out: The Squire
1u36pvs,https://www.reddit.com/r/ProgressionFantasy/comments/1u36pvs/common_sense_ebook_launch_a_cozy_magical/,25,2026-06-11T18:10:33+00:00,Common Sense eBook Launch - A Cozy Magical Workplace Slice of Life Progression Fantasy
1u349dt,https://www.reddit.com/r/ProgressionFantasy/comments/1u349dt/i_built_a_free_offline_writing_app_that_tracks/,40,2026-06-11T16:41:15+00:00,"I built a free, offline writing app that tracks your characters' stats like a database , ask it ""what were their stats at chapter 12"" and it warns you when an edit breaks continuity"
1u348mq,https://www.reddit.com/r/ProgressionFantasy/comments/1u348mq/hey_yall_i_self_pubbed_my_novel_before_the/,10,2026-06-11T16:40:27+00:00,"Hey yall. I self pubbed my novel! ""Before The Apocalypse"" a Regression LitRPG Adventure! I'd appreciate it if you checked it out!"
1u32m43,https://www.reddit.com/r/ProgressionFantasy/comments/1u32m43/evil_guardian_goddess_summoned_to_yeah_nope_too/,8,2026-06-11T15:41:03+00:00,"“Evil” Guardian Goddess: Summoned to… yeah, nope. Too long. That’s the joke. Please laugh?"
1u32j89,https://www.reddit.com/r/ProgressionFantasy/comments/1u32j89/mana_mirror_the_third_portal_book_five_of_the/,42,2026-06-11T15:38:12+00:00,"Mana Mirror: The Third Portal, Book Five of the series, is out now on Kindle Unlimited!"
1u30q5h,https://www.reddit.com/r/ProgressionFantasy/comments/1u30q5h/bookbound_bunny_2_is_out_today_on_amazon_ku_and/,100,2026-06-11T14:31:36+00:00,"Bookbound Bunny 2 is out today on Amazon, KU and Audible"
1u305c4,https://www.reddit.com/r/ProgressionFantasy/comments/1u305c4/new_release_reborn_as_a_tamers_monster_book_1_is/,21,2026-06-11T14:09:52+00:00,"New Release - ""Reborn as a Tamer's Monster"" - Book 1 is on amazon!"
1u2x9xm,https://www.reddit.com/r/ProgressionFantasy/comments/1u2x9xm/book_twelve_of_wish_upon_the_stars_is_out_now/,45,2026-06-11T12:10:18+00:00,Book twelve of Wish upon the Stars is out now!
1u2o89j,https://www.reddit.com/r/ProgressionFantasy/comments/1u2o89j/want_a_complete_12_book_portal_scifantasy_series/,11,2026-06-11T03:54:24+00:00,Want a complete 12 book portal sci-fantasy series on sale? (and with Whispersync that means Audible too).
1u2d593,https://www.reddit.com/r/ProgressionFantasy/comments/1u2d593/my_progression_fantasy_series_the_runemaster_1/,9,2026-06-10T20:00:18+00:00,"My Progression Fantasy Series, The Runemaster 1 Audiobook is Now out on Audible"
1u2aiqm,https://www.reddit.com/r/ProgressionFantasy/comments/1u2aiqm/the_price_of_defiance_is_officially_launching_20k/,1,2026-06-10T18:25:38+00:00,The Price of Defiance is officially launching. 20k words already available. Today I'm aiming for 24k or 25k.
1u29y7z,https://www.reddit.com/r/ProgressionFantasy/comments/1u29y7z/redshift_volume_1_is_available_now_on_amazon_and/,6,2026-06-10T18:05:25+00:00,RedShift Volume 1 is available now on Amazon and Kindle!
1u20btn,https://www.reddit.com/r/ProgressionFantasy/comments/1u20btn/new_release_undying_immortal_system_4_su_clan/,57,2026-06-10T12:08:18+00:00,New Release -- Undying Immortal System 4: Su Clan
1u1dqeg,https://www.reddit.com/r/ProgressionFantasy/comments/1u1dqeg/my_story_reached_rising_stars_in_one_genre_and_it/,13,2026-06-09T18:37:36+00:00,"My story reached Rising Stars in one genre, and it is incredibly exciting!"
1u14g3r,https://www.reddit.com/r/ProgressionFantasy/comments/1u14g3r/my_superpower_progression_fantasy_novel/,120,2026-06-09T13:05:50+00:00,"My superpower progression fantasy novel, Brainpunch, finally comes out today!"
1u0aw32,https://www.reddit.com/r/ProgressionFantasy/comments/1u0aw32/epic_regressor_second_ascension_book_2_just/,29,2026-06-08T15:17:26+00:00,Epic Regressor Second Ascension book 2 just dropped 🙏
1u0ae0y,https://www.reddit.com/r/ProgressionFantasy/comments/1u0ae0y/eating_dragons_and_fey_trickery/,85,2026-06-08T14:59:26+00:00,Eating dragons and Fey trickery
1u09kfk,https://www.reddit.com/r/ProgressionFantasy/comments/1u09kfk/the_new_rr_update_finally_recognizes_my_greatness/,35,2026-06-08T14:29:12+00:00,The new RR update finally recognizes my greatness ;)
1tzjweg,https://www.reddit.com/r/ProgressionFantasy/comments/1tzjweg/feedback_on_new_platform/,0,2026-06-07T18:27:23+00:00,Feedback on new platform
1tzf03w,https://www.reddit.com/r/ProgressionFantasy/comments/1tzf03w/kobold_tyrants_recruitment_ad_weak_kobold_wants/,2,2026-06-07T15:22:40+00:00,Kobold Tyrant's Recruitment Ad (Weak Kobold Wants to Conquer Promotion)
1tzalp8,https://www.reddit.com/r/ProgressionFantasy/comments/1tzalp8/my_cultivation_series_nameless_sovereign_just/,76,2026-06-07T12:17:37+00:00,"My cultivation series, Nameless Sovereign, just released book 7 on Amazon!"
1ty7oi8,https://www.reddit.com/r/ProgressionFantasy/comments/1ty7oi8/the_undying_book_1_is_currently_on_sale/,56,2026-06-06T04:47:36+00:00,The Undying Book 1 is currently on Sale!
1txy5yi,https://www.reddit.com/r/ProgressionFantasy/comments/1txy5yi/warheit_its_only_got_9_chapters_if_you_want_to_be/,0,2026-06-05T21:32:32+00:00,WARHEIT. IT'S ONLY GOT 9 CHAPTERS. IF YOU WANT TO BE AN EARLY READER THEN HOP ON
1txnh6x,https://www.reddit.com/r/ProgressionFantasy/comments/1txnh6x/the_price_of_defiance_progression_litrpg/,12,2026-06-05T15:02:26+00:00,The Price of Defiance [progression - litRPG]
1txmsbg,https://www.reddit.com/r/ProgressionFantasy/comments/1txmsbg/common_sense_its_rare_we_created_a_funny_cozy/,34,2026-06-05T14:37:06+00:00,"Common Sense! (Its Rare - We created a funny, cozy story!"
1txl850,https://www.reddit.com/r/ProgressionFantasy/comments/1txl850/addicted_to_progression_fantasy_binging_web/,20,2026-06-05T13:37:32+00:00,Addicted to progression fantasy? Binging web novels at 3:00 AM? You might need help. Welcome to Cultivators Anonymous.
1txj4e9,https://www.reddit.com/r/ProgressionFantasy/comments/1txj4e9/upstream_the_knight_rising_volume_4_is_out_amazon/,2,2026-06-05T12:10:07+00:00,UpStream: The Knight Rising - Volume 4 is out (Amazon / KDP)
1twzua0,https://www.reddit.com/r/ProgressionFantasy/comments/1twzua0/the_infinity_dungeon_book_3_just_released/,16,2026-06-04T20:39:34+00:00,The Infinity Dungeon - Book 3 just released!
1twyluy,https://www.reddit.com/r/ProgressionFantasy/comments/1twyluy/shadow_of_the_soul_king_book_3_is_available_on/,6,2026-06-04T19:54:14+00:00,Shadow of the Soul King Book 3 is Available on Kindle
1twsdnm,https://www.reddit.com/r/ProgressionFantasy/comments/1twsdnm/i_cant_believe_i_have_to_defeat_the_demon_lord_to/,93,2026-06-04T16:16:21+00:00,I Can’t Believe I Have to Defeat the Demon Lord to Pay Off My Student Loans
1twol6d,https://www.reddit.com/r/ProgressionFantasy/comments/1twol6d/one_man_one_giant_sword_one_family_to_save_adam/,82,2026-06-04T14:01:49+00:00,"One Man, One Giant Sword, One Family to Save, Adam vs the Apocalypse Book 1 is now on Amazon"
1tw0a4k,https://www.reddit.com/r/ProgressionFantasy/comments/1tw0a4k/magic_card_apocalypse_deckbuilding_progression/,9,2026-06-03T19:39:57+00:00,Magic Card Apocalypse: Deck-building Progression Fantasy first week on Kindle!
1tvz3vx,https://www.reddit.com/r/ProgressionFantasy/comments/1tvz3vx/the_dangerously_cute_dungeon_dungeon_core_litrpg/,11,2026-06-03T18:59:25+00:00,The Dangerously Cute Dungeon | Dungeon Core LitRPG
1tvosu8,https://www.reddit.com/r/ProgressionFantasy/comments/1tvosu8/an_isekai_adventure_where_the_protagonists_real/,28,2026-06-03T13:06:19+00:00,"An Isekai Adventure where the protagonist's real cheat skill is linguistics: The Scaleforged Legacy, Currently Releasing on RoyalRoad!"
1tvom51,https://www.reddit.com/r/ProgressionFantasy/comments/1tvom51/new_progression_fantasy_series_launch_apocalypse/,27,2026-06-03T12:59:27+00:00,New Progression Fantasy series launch! APOCALYPSE SLAYER is here!
1tvo2hb,https://www.reddit.com/r/ProgressionFantasy/comments/1tvo2hb/more_than_a_decade_of_crafting_this_universe_in/,207,2026-06-03T12:37:17+00:00,"More than a decade of crafting this universe in my head and after writing more than 300,000 words, I’m publishing on Kindle."
1tvdayz,https://www.reddit.com/r/ProgressionFantasy/comments/1tvdayz/4_years_nearly_1_million_words_and_now_a/,0,2026-06-03T03:23:43+00:00,"4 Years, Nearly 1 Million Words, and Now a Publisher...  BTBK just hit Book 9!"
1tussdy,https://www.reddit.com/r/ProgressionFantasy/comments/1tussdy/new_release_shadow_maiden/,38,2026-06-02T14:33:52+00:00,New Release!! Shadow Maiden
1tusk4l,https://www.reddit.com/r/ProgressionFantasy/comments/1tusk4l/the_second_book_of_my_reincarnated_as_a_baby_prog/,18,2026-06-02T14:25:49+00:00,"The Second Book of my Reincarnated as a Baby Prog Fantasy series, The Runemaster 2, is Now out on Amazon and Kindle Unlimited!"
