id,status,upvotes,fetched_at
1sl9u2o,queued,8,2026-04-22T10:58:11.927297+00:00
1sfqgv9,queued,111,2026-04-22T10:58:56.791886+00:00
1sf9j0q,queued,17,2026-04-22T10:58:59.128023+00:00
1sedonq,queued,6,2026-04-22T10:59:13.664573+00:00
1smeqpy,queued,92,2026-04-22T10:57:53.202022+00:00
1sajv49,queued,45,2026-04-22T10:59:45.761623+00:00
1sr2kml,queued,6,2026-04-22T10:57:00.962116+00:00
1smdp7k,queued,328,2026-04-22T10:57:57.872262+00:00
1snbkaq,queued,45,2026-04-22T10:57:39.061870+00:00
1seybwn,queued,18,2026-04-22T10:59:01.429089+00:00
1sk7o8d,queued,32,2026-04-22T10:58:19.433674+00:00
1sesipd,queued,123,2026-04-22T10:59:11.303566+00:00
1sewpr6,queued,21,2026-04-22T10:59:06.194871+00:00
1sch33c,queued,74,2026-04-22T10:59:30.321403+00:00
1sewvue,queued,31,2026-04-22T10:59:03.788807+00:00
1shyw56,queued,124,2026-04-22T10:58:29.205585+00:00
1se50qr,queued,60,2026-04-22T10:59:23.084104+00:00
1sho4iu,skipped_low_upvotes,3,2026-04-22T10:58:31.496522+00:00
1seaqel,queued,8,2026-04-22T10:59:16.036852+00:00
1sry3zy,queued,40,2026-04-22T10:43:38.617602+00:00
1srq0y6,queued,50,2026-04-22T10:43:43.263344+00:00
1son9vy,skipped_low_upvotes,0,2026-04-22T10:57:22.537054+00:00
1sg0m34,queued,17,2026-04-22T10:58:53.367983+00:00
1sooely,queued,6,2026-04-22T10:57:20.105868+00:00
1slgbd8,queued,8,2026-04-22T10:58:04.886071+00:00
1so3dvu,queued,54,2026-04-22T10:57:31.981007+00:00
1smk4yk,queued,47,2026-04-22T10:57:50.851054+00:00
1shnk5r,queued,5,2026-04-22T10:58:33.814657+00:00
1so4e1j,queued,5,2026-04-22T10:57:29.509338+00:00
1s9j0iv,queued,25,2026-04-22T11:00:04.766317+00:00
1setzs5,queued,44,2026-04-22T10:59:08.534441+00:00
1shkx1u,queued,16,2026-04-22T10:58:36.131727+00:00
1sk98x2,queued,13,2026-04-22T10:58:16.651201+00:00
1siqwoq,skipped_low_upvotes,0,2026-04-22T10:58:24.473047+00:00
1slah3z,queued,40,2026-04-22T10:58:07.200228+00:00
1sgr7we,queued,10,2026-04-22T10:58:44.015699+00:00
1sbdvma,queued,16,2026-04-22T10:59:38.272368+00:00
1sm70om,queued,7,2026-04-22T10:58:02.589557+00:00
1srt8vc,queued,40,2026-04-22T10:43:40.944144+00:00
1srprun,queued,96,2026-04-22T10:43:45.971857+00:00
1se63be,queued,26,2026-04-22T10:59:18.370297+00:00
1sa2bju,queued,102,2026-04-22T10:59:50.591868+00:00
1sjysj6,skipped_low_upvotes,1,2026-04-22T10:58:21.730251+00:00
1s9jvlo,queued,8,2026-04-22T11:00:02.383014+00:00
1sn20sc,queued,21,2026-04-22T10:57:48.515024+00:00
1sn22br,queued,38,2026-04-22T10:57:46.134853+00:00
1squpt3,queued,41,2026-04-22T10:57:03.334071+00:00
1srm1jf,queued,30,2026-04-22T10:43:50.616880+00:00
1sman1j,queued,65,2026-04-22T10:58:00.277645+00:00
1sgvh6j,queued,209,2026-04-22T10:58:39.327995+00:00
1sl6ep3,queued,27,2026-04-22T10:58:14.306308+00:00
1sn63nh,queued,107,2026-04-22T10:57:43.786038+00:00
1sb3nwa,skipped_low_upvotes,1,2026-04-22T10:59:41.105284+00:00
1s9mj6g,queued,52,2026-04-22T10:59:57.641878+00:00
1ss9qbx,queued,11,2026-04-22T10:43:36.244398+00:00
1sgpz9k,queued,14,2026-04-22T10:58:46.336814+00:00
1sncnfj,skipped_low_upvotes,4,2026-04-22T10:57:36.656839+00:00
1srmvlx,queued,11,2026-04-22T10:43:48.286313+00:00
1sda6eb,skipped_low_upvotes,0,2026-04-22T10:59:27.914457+00:00
1soutld,queued,60,2026-04-22T10:57:17.771649+00:00
1si3cpt,queued,24,2026-04-22T10:58:26.821470+00:00
1s9m7dv,queued,14,2026-04-22T10:59:59.965207+00:00
1spsxg1,skipped_low_upvotes,0,2026-04-22T10:57:15.348506+00:00
1spyyox,queued,13,2026-04-22T10:57:12.650309+00:00
1sdzq5b,queued,137,2026-04-22T10:59:25.537277+00:00
1so93rc,queued,7,2026-04-22T10:57:27.173458+00:00
1sai0fq,queued,65,2026-04-22T10:59:48.118068+00:00
1sgt7yh,queued,51,2026-04-22T10:58:41.722105+00:00
1sq453e,skipped_low_upvotes,0,2026-04-22T10:57:07.973317+00:00
1sb2nzr,queued,16,2026-04-22T10:59:43.405865+00:00
1sn793m,queued,6,2026-04-22T10:57:41.389883+00:00
1scc5kc,queued,106,2026-04-22T10:59:33.295162+00:00
1s95knh,queued,116,2026-04-22T11:00:08.326106+00:00
1sgm69a,queued,24,2026-04-22T10:58:48.688983+00:00
1sla9bx,queued,57,2026-04-22T10:58:09.537993+00:00
1s9p09u,queued,19,2026-04-22T10:59:55.275060+00:00
1se5348,queued,17,2026-04-22T10:59:20.706875+00:00
1so2eve,queued,39,2026-04-22T10:57:34.365199+00:00
1soduyq,queued,10,2026-04-22T10:57:24.858890+00:00
1s9tb6z,queued,7,2026-04-22T10:59:52.902770+00:00
1sq09eo,queued,36,2026-04-22T10:57:10.350661+00:00
1sq9415,queued,36,2026-04-22T10:57:05.665108+00:00
1sbokpj,queued,27,2026-04-22T10:59:35.934042+00:00
1sg5umo,queued,13,2026-04-22T10:58:51.036031+00:00
